id,source,city,locality,pincode,property_type,bedrooms,bathrooms,area_sqft,price_inr,price_per_sqft,furnishing,floor,total_floors,property_age,parking,data_quality_score,quality_label,imputed_fields
,csv_import,Bengaluru,Indiranagar,560038,Apartment,2,2,1200,15000000,12500,Unfurnished,5,10,5,1,85.0,excellent,"bathrooms,furnishing,parking,total_floors,floor,pincode"
,csv_import,Bengaluru,Indiranagar,560038,Apartment,2,2,1150,14500000,12608,Unfurnished,5,10,6,1,85.0,excellent,"bathrooms,furnishing,parking,total_floors,floor,pincode"
,csv_import,Bengaluru,Indiranagar,560038,Apartment,3,2,1600,21000000,13125,Unfurnished,5,10,4,1,85.0,excellent,"bathrooms,furnishing,parking,total_floors,floor,pincode"
,csv_import,Bengaluru,Koramangala,560034,Apartment,2,2,1300,17000000,13076,Unfurnished,5,10,2,1,85.0,excellent,"bathrooms,furnishing,parking,total_floors,floor,pincode"
,csv_import,Bengaluru,Koramangala,560034,Apartment,3,2,1800,22000000,12222,Unfurnished,5,10,8,1,85.0,excellent,"bathrooms,furnishing,parking,total_floors,floor,pincode"
,csv_import,Bengaluru,Whitefield,560066,Apartment,2,2,1100,10000000,9090,Unfurnished,5,10,1,1,85.0,excellent,"bathrooms,furnishing,parking,total_floors,floor,pincode"
,csv_import,Bengaluru,Whitefield,560066,Apartment,2,2,1050,9500000,9047,Unfurnished,5,10,3,1,85.0,excellent,"bathrooms,furnishing,parking,total_floors,floor,pincode"
,csv_import,Bengaluru,Whitefield,560066,Apartment,3,2,1500,14000000,9333,Unfurnished,5,10,2,1,85.0,excellent,"bathrooms,furnishing,parking,total_floors,floor,pincode"
,csv_import,Bengaluru,Jayanagar,560041,Independent House,4,3,2400,45000000,18750,Unfurnished,1,2,15,2,85.0,excellent,"bathrooms,furnishing,parking,total_floors,floor,pincode"
,csv_import,Bengaluru,Jayanagar,560041,Independent House,3,2,1800,35000000,19444,Unfurnished,1,2,20,2,85.0,excellent,"bathrooms,furnishing,parking,total_floors,floor,pincode"
,csv_import,Mumbai,Bandra West,,Apartment,2,2,800,35000000,43750,Unfurnished,5,10,10,1,81.5,excellent,"bathrooms,furnishing,parking,total_floors,floor"
,csv_import,Mumbai,Bandra West,,Apartment,3,2,1200,50000000,41666,Unfurnished,5,10,15,1,81.5,excellent,"bathrooms,furnishing,parking,total_floors,floor"
,csv_import,Mumbai,Andheri East,400069,Apartment,2,2,900,18000000,20000,Unfurnished,5,10,5,1,81.5,excellent,"bathrooms,furnishing,parking,total_floors,floor,pincode"
,csv_import,Mumbai,Andheri East,400069,Apartment,1,1,600,12000000,20000,Unfurnished,5,10,3,1,81.5,excellent,"bathrooms,furnishing,parking,total_floors,floor,pincode"
,csv_import,Bengaluru,Indiranagar,560038,Apartment,2,2,1250,15500000,12400,Unfurnished,5,10,5,1,85.0,excellent,"bathrooms,furnishing,parking,total_floors,floor,pincode"
